{
  "images": [
    {
      "width": 4032,
      "height": 3024,
      "id": 0,
      "file_name": "..\\..\\label-studio\\label-studio\\media\\upload\\2\\1f81aace-IMG_2091.JPG"
    },
    {
      "width": 4032,
      "height": 3024,
      "id": 1,
      "file_name": "..\\..\\label-studio\\label-studio\\media\\upload\\2\\af89b4ec-IMG_2092.JPG"
    },
    {
      "width": 4032,
      "height": 3024,
      "id": 2,
      "file_name": "..\\..\\label-studio\\label-studio\\media\\upload\\2\\d16205e4-IMG_2093.JPG"
    },
    {
      "width": 4032,
      "height": 3024,
      "id": 3,
      "file_name": "..\\..\\label-studio\\label-studio\\media\\upload\\2\\c1d05649-IMG_2109.JPG"
    },
    {
      "width": 4032,
      "height": 3024,
      "id": 4,
      "file_name": "..\\..\\label-studio\\label-studio\\media\\upload\\2\\3f4897b9-IMG_2110.JPG"
    },
    {
      "width": 4032,
      "height": 3024,
      "id": 5,
      "file_name": "..\\..\\label-studio\\label-studio\\media\\upload\\2\\91de208e-IMG_2111.JPG"
    },
    {
      "width": 4032,
      "height": 3024,
      "id": 6,
      "file_name": "..\\..\\label-studio\\label-studio\\media\\upload\\2\\0a4c7290-IMG_2112.JPG"
    },
    {
      "width": 4032,
      "height": 3024,
      "id": 7,
      "file_name": "..\\..\\label-studio\\label-studio\\media\\upload\\2\\41a4c0ad-IMG_2113.JPG"
    },
    {
      "width": 4032,
      "height": 3024,
      "id": 8,
      "file_name": "..\\..\\label-studio\\label-studio\\media\\upload\\2\\0cc91b71-IMG_2114.JPG"
    },
    {
      "width": 4032,
      "height": 3024,
      "id": 9,
      "file_name": "..\\..\\label-studio\\label-studio\\media\\upload\\2\\6466b4df-IMG_2115.JPG"
    },
    {
      "width": 4032,
      "height": 3024,
      "id": 10,
      "file_name": "..\\..\\label-studio\\label-studio\\media\\upload\\2\\3ae48acc-IMG_2116.JPG"
    },
    {
      "width": 4032,
      "height": 3024,
      "id": 11,
      "file_name": "..\\..\\label-studio\\label-studio\\media\\upload\\2\\917e5bd8-IMG_2117.JPG"
    },
    {
      "width": 4032,
      "height": 3024,
      "id": 12,
      "file_name": "..\\..\\label-studio\\label-studio\\media\\upload\\2\\b21978ca-IMG_2121.JPG"
    },
    {
      "width": 4032,
      "height": 3024,
      "id": 13,
      "file_name": "..\\..\\label-studio\\label-studio\\media\\upload\\2\\85321a8c-IMG_2122.JPG"
    },
    {
      "width": 3024,
      "height": 4032,
      "id": 14,
      "file_name": "..\\..\\label-studio\\label-studio\\media\\upload\\2\\00131bc5-IMG_2123.JPG"
    },
    {
      "width": 4032,
      "height": 3024,
      "id": 15,
      "file_name": "..\\..\\label-studio\\label-studio\\media\\upload\\2\\74d960dc-IMG_2124.JPG"
    },
    {
      "width": 4032,
      "height": 3024,
      "id": 16,
      "file_name": "..\\..\\label-studio\\label-studio\\media\\upload\\2\\16589a39-IMG_2125.JPG"
    },
    {
      "width": 4032,
      "height": 3024,
      "id": 17,
      "file_name": "..\\..\\label-studio\\label-studio\\media\\upload\\2\\c718d636-IMG_2126.JPG"
    },
    {
      "width": 3024,
      "height": 4032,
      "id": 18,
      "file_name": "..\\..\\label-studio\\label-studio\\media\\upload\\2\\eb32226c-IMG_2138.JPG"
    },
    {
      "width": 3024,
      "height": 4032,
      "id": 19,
      "file_name": "..\\..\\label-studio\\label-studio\\media\\upload\\2\\bec62dec-IMG_2139.JPG"
    },
    {
      "width": 4032,
      "height": 3024,
      "id": 20,
      "file_name": "..\\..\\label-studio\\label-studio\\media\\upload\\2\\44d9024d-IMG_2140.JPG"
    },
    {
      "width": 4032,
      "height": 3024,
      "id": 21,
      "file_name": "..\\..\\label-studio\\label-studio\\media\\upload\\2\\4cc692c3-IMG_2141.JPG"
    },
    {
      "width": 4032,
      "height": 3024,
      "id": 22,
      "file_name": "..\\..\\label-studio\\label-studio\\media\\upload\\2\\ccfa866f-IMG_2142.JPG"
    },
    {
      "width": 4032,
      "height": 3024,
      "id": 23,
      "file_name": "..\\..\\label-studio\\label-studio\\media\\upload\\2\\2e1bcdb2-IMG_2143.JPG"
    },
    {
      "width": 3024,
      "height": 4032,
      "id": 24,
      "file_name": "..\\..\\label-studio\\label-studio\\media\\upload\\2\\ab2ec440-IMG_2148.JPG"
    },
    {
      "width": 4032,
      "height": 3024,
      "id": 25,
      "file_name": "..\\..\\label-studio\\label-studio\\media\\upload\\2\\51ce45ab-IMG_2149.JPG"
    },
    {
      "width": 4032,
      "height": 3024,
      "id": 26,
      "file_name": "..\\..\\label-studio\\label-studio\\media\\upload\\2\\2342d02c-IMG_2150.JPG"
    },
    {
      "width": 4032,
      "height": 3024,
      "id": 27,
      "file_name": "..\\..\\label-studio\\label-studio\\media\\upload\\2\\d99035ee-IMG_2151.JPG"
    },
    {
      "width": 4032,
      "height": 3024,
      "id": 28,
      "file_name": "..\\..\\label-studio\\label-studio\\media\\upload\\2\\ce6979af-IMG_2152.JPG"
    },
    {
      "width": 4032,
      "height": 3024,
      "id": 29,
      "file_name": "..\\..\\label-studio\\label-studio\\media\\upload\\2\\eb591b43-IMG_2153.JPG"
    },
    {
      "width": 4032,
      "height": 3024,
      "id": 30,
      "file_name": "..\\..\\label-studio\\label-studio\\media\\upload\\2\\ef4970db-IMG_2154.JPG"
    },
    {
      "width": 4032,
      "height": 3024,
      "id": 31,
      "file_name": "..\\..\\label-studio\\label-studio\\media\\upload\\2\\1a7233f7-IMG_2155.JPG"
    },
    {
      "width": 3024,
      "height": 4032,
      "id": 32,
      "file_name": "..\\..\\label-studio\\label-studio\\media\\upload\\2\\a4f8d658-IMG_2156.JPG"
    },
    {
      "width": 4032,
      "height": 3024,
      "id": 33,
      "file_name": "..\\..\\label-studio\\label-studio\\media\\upload\\2\\080c87ec-IMG_2157.JPG"
    },
    {
      "width": 4032,
      "height": 3024,
      "id": 34,
      "file_name": "..\\..\\label-studio\\label-studio\\media\\upload\\2\\0d089fd2-IMG_2158.JPG"
    },
    {
      "width": 3024,
      "height": 4032,
      "id": 35,
      "file_name": "..\\..\\label-studio\\label-studio\\media\\upload\\2\\ffae4643-IMG_2159.JPG"
    },
    {
      "width": 4032,
      "height": 3024,
      "id": 36,
      "file_name": "..\\..\\label-studio\\label-studio\\media\\upload\\2\\ea9950a1-IMG_2160.JPG"
    },
    {
      "width": 4032,
      "height": 3024,
      "id": 37,
      "file_name": "..\\..\\label-studio\\label-studio\\media\\upload\\2\\85726b26-IMG_2161.JPG"
    },
    {
      "width": 4032,
      "height": 3024,
      "id": 38,
      "file_name": "..\\..\\label-studio\\label-studio\\media\\upload\\2\\20023dd3-IMG_2162.JPG"
    },
    {
      "width": 3024,
      "height": 4032,
      "id": 39,
      "file_name": "..\\..\\label-studio\\label-studio\\media\\upload\\2\\ab342792-IMG_2163.JPG"
    },
    {
      "width": 4032,
      "height": 3024,
      "id": 40,
      "file_name": "..\\..\\label-studio\\label-studio\\media\\upload\\2\\a1721bbe-IMG_2165.JPG"
    },
    {
      "width": 4032,
      "height": 3024,
      "id": 41,
      "file_name": "..\\..\\label-studio\\label-studio\\media\\upload\\2\\88514703-IMG_2172.JPG"
    },
    {
      "width": 4032,
      "height": 3024,
      "id": 42,
      "file_name": "..\\..\\label-studio\\label-studio\\media\\upload\\2\\cf076a5f-IMG_2173.JPG"
    },
    {
      "width": 4032,
      "height": 3024,
      "id": 43,
      "file_name": "..\\..\\label-studio\\label-studio\\media\\upload\\2\\664ed568-IMG_2174.JPG"
    },
    {
      "width": 4032,
      "height": 3024,
      "id": 44,
      "file_name": "..\\..\\label-studio\\label-studio\\media\\upload\\2\\b27d21b6-IMG_2175.JPG"
    },
    {
      "width": 4032,
      "height": 3024,
      "id": 45,
      "file_name": "..\\..\\label-studio\\label-studio\\media\\upload\\2\\00c1249e-IMG_2176.JPG"
    },
    {
      "width": 4032,
      "height": 3024,
      "id": 46,
      "file_name": "..\\..\\label-studio\\label-studio\\media\\upload\\2\\0d271432-IMG_2177.JPG"
    },
    {
      "width": 4032,
      "height": 3024,
      "id": 47,
      "file_name": "..\\..\\label-studio\\label-studio\\media\\upload\\2\\aa06a69c-IMG_2181.JPG"
    },
    {
      "width": 4032,
      "height": 3024,
      "id": 48,
      "file_name": "..\\..\\label-studio\\label-studio\\media\\upload\\2\\f6c47dc2-IMG_2182.JPG"
    },
    {
      "width": 4032,
      "height": 3024,
      "id": 49,
      "file_name": "..\\..\\label-studio\\label-studio\\media\\upload\\2\\9ceccc7e-IMG_2183.JPG"
    },
    {
      "width": 4032,
      "height": 3024,
      "id": 50,
      "file_name": "..\\..\\label-studio\\label-studio\\media\\upload\\2\\5142a025-IMG_2184.JPG"
    },
    {
      "width": 4032,
      "height": 3024,
      "id": 51,
      "file_name": "..\\..\\label-studio\\label-studio\\media\\upload\\2\\de3e6a85-IMG_2185.JPG"
    },
    {
      "width": 4032,
      "height": 3024,
      "id": 52,
      "file_name": "..\\..\\label-studio\\label-studio\\media\\upload\\2\\c3ab6f98-IMG_2186.JPG"
    },
    {
      "width": 4032,
      "height": 3024,
      "id": 53,
      "file_name": "..\\..\\label-studio\\label-studio\\media\\upload\\2\\1f1e383d-IMG_2253.JPG"
    },
    {
      "width": 4032,
      "height": 3024,
      "id": 54,
      "file_name": "..\\..\\label-studio\\label-studio\\media\\upload\\2\\1c538af4-IMG_2254.JPG"
    },
    {
      "width": 4032,
      "height": 3024,
      "id": 55,
      "file_name": "..\\..\\label-studio\\label-studio\\media\\upload\\2\\15c46e0f-IMG_2255.JPG"
    },
    {
      "width": 4032,
      "height": 3024,
      "id": 56,
      "file_name": "..\\..\\label-studio\\label-studio\\media\\upload\\2\\22dbaf33-IMG_2256.JPG"
    },
    {
      "width": 4032,
      "height": 3024,
      "id": 57,
      "file_name": "..\\..\\label-studio\\label-studio\\media\\upload\\2\\2cf1457a-IMG_2257.JPG"
    },
    {
      "width": 4032,
      "height": 3024,
      "id": 58,
      "file_name": "..\\..\\label-studio\\label-studio\\media\\upload\\2\\230bb8e1-IMG_2258.JPG"
    },
    {
      "width": 3024,
      "height": 4032,
      "id": 59,
      "file_name": "..\\..\\label-studio\\label-studio\\media\\upload\\2\\7a59d3a2-IMG_2259.JPG"
    },
    {
      "width": 4032,
      "height": 3024,
      "id": 60,
      "file_name": "..\\..\\label-studio\\label-studio\\media\\upload\\2\\a3907179-IMG_2260.JPG"
    },
    {
      "width": 4032,
      "height": 3024,
      "id": 61,
      "file_name": "..\\..\\label-studio\\label-studio\\media\\upload\\2\\debd8cdb-IMG_2261.JPG"
    },
    {
      "width": 3024,
      "height": 4032,
      "id": 62,
      "file_name": "..\\..\\label-studio\\label-studio\\media\\upload\\2\\bebdd1bf-IMG_2269.JPG"
    },
    {
      "width": 3024,
      "height": 4032,
      "id": 63,
      "file_name": "..\\..\\label-studio\\label-studio\\media\\upload\\2\\b253570b-IMG_2270.JPG"
    },
    {
      "width": 4032,
      "height": 3024,
      "id": 64,
      "file_name": "..\\..\\label-studio\\label-studio\\media\\upload\\2\\cc4480ea-IMG_2271.JPG"
    },
    {
      "width": 3024,
      "height": 4032,
      "id": 65,
      "file_name": "..\\..\\label-studio\\label-studio\\media\\upload\\2\\c13eb7a3-IMG_2272.JPG"
    },
    {
      "width": 3024,
      "height": 4032,
      "id": 66,
      "file_name": "..\\..\\label-studio\\label-studio\\media\\upload\\2\\a3cbc69d-IMG_2273.JPG"
    },
    {
      "width": 3024,
      "height": 4032,
      "id": 67,
      "file_name": "..\\..\\label-studio\\label-studio\\media\\upload\\2\\b45f5f31-IMG_2274.JPG"
    },
    {
      "width": 3024,
      "height": 4032,
      "id": 68,
      "file_name": "..\\..\\label-studio\\label-studio\\media\\upload\\2\\2064a537-IMG_2275.JPG"
    },
    {
      "width": 3024,
      "height": 4032,
      "id": 69,
      "file_name": "..\\..\\label-studio\\label-studio\\media\\upload\\2\\4c0f4041-IMG_2276.JPG"
    },
    {
      "width": 4032,
      "height": 3024,
      "id": 70,
      "file_name": "..\\..\\label-studio\\label-studio\\media\\upload\\2\\2598d73c-IMG_2277.JPG"
    },
    {
      "width": 3024,
      "height": 4032,
      "id": 71,
      "file_name": "..\\..\\label-studio\\label-studio\\media\\upload\\2\\28900589-IMG_2278.JPG"
    },
    {
      "width": 3024,
      "height": 4032,
      "id": 72,
      "file_name": "..\\..\\label-studio\\label-studio\\media\\upload\\2\\cf055278-IMG_2279.JPG"
    },
    {
      "width": 3024,
      "height": 4032,
      "id": 73,
      "file_name": "..\\..\\label-studio\\label-studio\\media\\upload\\2\\a2bdd100-IMG_2280.JPG"
    },
    {
      "width": 3024,
      "height": 4032,
      "id": 74,
      "file_name": "..\\..\\label-studio\\label-studio\\media\\upload\\2\\f043e3fb-IMG_2281.JPG"
    },
    {
      "width": 3024,
      "height": 4032,
      "id": 75,
      "file_name": "..\\..\\label-studio\\label-studio\\media\\upload\\2\\f0b2fd4f-IMG_2282.JPG"
    },
    {
      "width": 4032,
      "height": 3024,
      "id": 76,
      "file_name": "..\\..\\label-studio\\label-studio\\media\\upload\\2\\f6c6de83-IMG_2283.JPG"
    },
    {
      "width": 3024,
      "height": 4032,
      "id": 77,
      "file_name": "..\\..\\label-studio\\label-studio\\media\\upload\\2\\7ae810db-IMG_2284.JPG"
    },
    {
      "width": 3024,
      "height": 4032,
      "id": 78,
      "file_name": "..\\..\\label-studio\\label-studio\\media\\upload\\2\\cb0f989b-IMG_2285.JPG"
    },
    {
      "width": 3024,
      "height": 4032,
      "id": 79,
      "file_name": "..\\..\\label-studio\\label-studio\\media\\upload\\2\\b101a385-IMG_2286.JPG"
    },
    {
      "width": 3024,
      "height": 4032,
      "id": 80,
      "file_name": "..\\..\\label-studio\\label-studio\\media\\upload\\2\\a1cb435d-IMG_2287.JPG"
    },
    {
      "width": 4032,
      "height": 3024,
      "id": 81,
      "file_name": "..\\..\\label-studio\\label-studio\\media\\upload\\2\\4939f14a-IMG_2288.JPG"
    },
    {
      "width": 4032,
      "height": 3024,
      "id": 82,
      "file_name": "..\\..\\label-studio\\label-studio\\media\\upload\\2\\81fd66df-IMG_2289.JPG"
    },
    {
      "width": 3024,
      "height": 4032,
      "id": 83,
      "file_name": "..\\..\\label-studio\\label-studio\\media\\upload\\2\\bd58ed92-IMG_2290.JPG"
    },
    {
      "width": 3024,
      "height": 4032,
      "id": 84,
      "file_name": "..\\..\\label-studio\\label-studio\\media\\upload\\2\\a685cd57-IMG_2291.JPG"
    },
    {
      "width": 3024,
      "height": 4032,
      "id": 85,
      "file_name": "..\\..\\label-studio\\label-studio\\media\\upload\\2\\ef8a8517-IMG_2292.JPG"
    },
    {
      "width": 4032,
      "height": 3024,
      "id": 86,
      "file_name": "..\\..\\label-studio\\label-studio\\media\\upload\\2\\6491a5ec-IMG_2293.JPG"
    },
    {
      "width": 3024,
      "height": 4032,
      "id": 87,
      "file_name": "..\\..\\label-studio\\label-studio\\media\\upload\\2\\9f87bd6e-IMG_2294.JPG"
    },
    {
      "width": 3024,
      "height": 4032,
      "id": 88,
      "file_name": "..\\..\\label-studio\\label-studio\\media\\upload\\2\\f4483829-IMG_2296.JPG"
    },
    {
      "width": 3024,
      "height": 4032,
      "id": 89,
      "file_name": "..\\..\\label-studio\\label-studio\\media\\upload\\2\\07308088-IMG_2297.JPG"
    },
    {
      "width": 3024,
      "height": 4032,
      "id": 90,
      "file_name": "..\\..\\label-studio\\label-studio\\media\\upload\\2\\75e90cc3-IMG_2298.JPG"
    },
    {
      "width": 4032,
      "height": 3024,
      "id": 91,
      "file_name": "..\\..\\label-studio\\label-studio\\media\\upload\\2\\fc9449d6-IMG_2299.JPG"
    },
    {
      "width": 3024,
      "height": 4032,
      "id": 92,
      "file_name": "..\\..\\label-studio\\label-studio\\media\\upload\\2\\fc2eb328-IMG_2300.JPG"
    },
    {
      "width": 4032,
      "height": 3024,
      "id": 93,
      "file_name": "..\\..\\label-studio\\label-studio\\media\\upload\\2\\27403473-IMG_2301.JPG"
    },
    {
      "width": 3024,
      "height": 4032,
      "id": 94,
      "file_name": "..\\..\\label-studio\\label-studio\\media\\upload\\2\\cfd55bc5-IMG_2302.JPG"
    },
    {
      "width": 3024,
      "height": 4032,
      "id": 95,
      "file_name": "..\\..\\label-studio\\label-studio\\media\\upload\\2\\9bd27db1-IMG_2303.JPG"
    },
    {
      "width": 4032,
      "height": 3024,
      "id": 96,
      "file_name": "..\\..\\label-studio\\label-studio\\media\\upload\\2\\fa849eba-IMG_2304.JPG"
    },
    {
      "width": 3024,
      "height": 4032,
      "id": 97,
      "file_name": "..\\..\\label-studio\\label-studio\\media\\upload\\2\\c710ae82-IMG_2305.JPG"
    },
    {
      "width": 3023,
      "height": 4031,
      "id": 98,
      "file_name": "..\\..\\label-studio\\label-studio\\media\\upload\\2\\154aa991-IMG_2306.JPG"
    },
    {
      "width": 3024,
      "height": 4032,
      "id": 99,
      "file_name": "..\\..\\label-studio\\label-studio\\media\\upload\\2\\5ddb1111-IMG_2307.JPG"
    },
    {
      "width": 4032,
      "height": 3024,
      "id": 100,
      "file_name": "..\\..\\label-studio\\label-studio\\media\\upload\\2\\e32240ce-IMG_2308.JPG"
    },
    {
      "width": 3024,
      "height": 4032,
      "id": 101,
      "file_name": "..\\..\\label-studio\\label-studio\\media\\upload\\2\\09507de0-IMG_2309.JPG"
    },
    {
      "width": 3024,
      "height": 4032,
      "id": 102,
      "file_name": "..\\..\\label-studio\\label-studio\\media\\upload\\2\\0a60dffe-IMG_2310.JPG"
    },
    {
      "width": 3024,
      "height": 4032,
      "id": 103,
      "file_name": "..\\..\\label-studio\\label-studio\\media\\upload\\2\\897df19a-IMG_2311.JPG"
    },
    {
      "width": 3024,
      "height": 4032,
      "id": 104,
      "file_name": "..\\..\\label-studio\\label-studio\\media\\upload\\2\\1ee9068b-IMG_2312.JPG"
    },
    {
      "width": 4032,
      "height": 3024,
      "id": 105,
      "file_name": "..\\..\\label-studio\\label-studio\\media\\upload\\2\\062cda45-IMG_2313.JPG"
    },
    {
      "width": 3024,
      "height": 4032,
      "id": 106,
      "file_name": "..\\..\\label-studio\\label-studio\\media\\upload\\2\\b1230e7b-IMG_2314.JPG"
    },
    {
      "width": 4032,
      "height": 3024,
      "id": 107,
      "file_name": "..\\..\\label-studio\\label-studio\\media\\upload\\2\\fe5b3825-IMG_2318.JPG"
    },
    {
      "width": 4032,
      "height": 3024,
      "id": 108,
      "file_name": "..\\..\\label-studio\\label-studio\\media\\upload\\2\\f5c11235-IMG_2319.JPG"
    },
    {
      "width": 3024,
      "height": 4032,
      "id": 109,
      "file_name": "..\\..\\label-studio\\label-studio\\media\\upload\\2\\4ae8d39e-IMG_2320.JPG"
    },
    {
      "width": 3024,
      "height": 4032,
      "id": 110,
      "file_name": "..\\..\\label-studio\\label-studio\\media\\upload\\2\\ef83f815-IMG_2321.JPG"
    },
    {
      "width": 3024,
      "height": 4032,
      "id": 111,
      "file_name": "..\\..\\label-studio\\label-studio\\media\\upload\\2\\1bcc9250-IMG_2322.JPG"
    },
    {
      "width": 3024,
      "height": 4032,
      "id": 112,
      "file_name": "..\\..\\label-studio\\label-studio\\media\\upload\\2\\51efaffb-IMG_2323.JPG"
    },
    {
      "width": 3024,
      "height": 4032,
      "id": 113,
      "file_name": "..\\..\\label-studio\\label-studio\\media\\upload\\2\\874a6bcc-IMG_2325.JPG"
    },
    {
      "width": 4032,
      "height": 3024,
      "id": 114,
      "file_name": "..\\..\\label-studio\\label-studio\\media\\upload\\2\\feaa0cef-IMG_2326.JPG"
    },
    {
      "width": 3024,
      "height": 4032,
      "id": 115,
      "file_name": "..\\..\\label-studio\\label-studio\\media\\upload\\2\\2d6485d8-IMG_2327.JPG"
    },
    {
      "width": 3024,
      "height": 4032,
      "id": 116,
      "file_name": "..\\..\\label-studio\\label-studio\\media\\upload\\2\\5c5593f4-IMG_2331.JPG"
    },
    {
      "width": 3024,
      "height": 4032,
      "id": 117,
      "file_name": "..\\..\\label-studio\\label-studio\\media\\upload\\2\\41dd064f-IMG_2332.JPG"
    },
    {
      "width": 3024,
      "height": 4032,
      "id": 118,
      "file_name": "..\\..\\label-studio\\label-studio\\media\\upload\\2\\c9e70595-IMG_2333.JPG"
    },
    {
      "width": 3024,
      "height": 4032,
      "id": 119,
      "file_name": "..\\..\\label-studio\\label-studio\\media\\upload\\2\\a7c7ebfc-IMG_2334.JPG"
    },
    {
      "width": 4032,
      "height": 3024,
      "id": 120,
      "file_name": "..\\..\\label-studio\\label-studio\\media\\upload\\2\\06648bc1-IMG_2335.JPG"
    },
    {
      "width": 3024,
      "height": 4032,
      "id": 121,
      "file_name": "..\\..\\label-studio\\label-studio\\media\\upload\\2\\39d70aba-IMG_2336.JPG"
    },
    {
      "width": 4032,
      "height": 3024,
      "id": 122,
      "file_name": "..\\..\\label-studio\\label-studio\\media\\upload\\2\\571cc8fb-IMG_2342.JPG"
    },
    {
      "width": 4032,
      "height": 3024,
      "id": 123,
      "file_name": "..\\..\\label-studio\\label-studio\\media\\upload\\2\\156b2e4c-IMG_2343.JPG"
    },
    {
      "width": 3024,
      "height": 4032,
      "id": 124,
      "file_name": "..\\..\\label-studio\\label-studio\\media\\upload\\2\\4e5f9faa-IMG_2344.JPG"
    },
    {
      "width": 3024,
      "height": 4032,
      "id": 125,
      "file_name": "..\\..\\label-studio\\label-studio\\media\\upload\\2\\d01e2c86-IMG_2346.JPG"
    },
    {
      "width": 3024,
      "height": 4032,
      "id": 126,
      "file_name": "..\\..\\label-studio\\label-studio\\media\\upload\\2\\a974004b-IMG_2347.JPG"
    },
    {
      "width": 4032,
      "height": 3024,
      "id": 127,
      "file_name": "..\\..\\label-studio\\label-studio\\media\\upload\\2\\976d69c5-IMG_2348.JPG"
    },
    {
      "width": 3024,
      "height": 4032,
      "id": 128,
      "file_name": "..\\..\\label-studio\\label-studio\\media\\upload\\2\\09bd376b-IMG_2349.JPG"
    },
    {
      "width": 3024,
      "height": 4032,
      "id": 129,
      "file_name": "..\\..\\label-studio\\label-studio\\media\\upload\\2\\2ec0dd18-IMG_2350.JPG"
    },
    {
      "width": 3024,
      "height": 4032,
      "id": 130,
      "file_name": "..\\..\\label-studio\\label-studio\\media\\upload\\2\\5fe0adac-IMG_2351.JPG"
    },
    {
      "width": 3024,
      "height": 4032,
      "id": 131,
      "file_name": "..\\..\\label-studio\\label-studio\\media\\upload\\2\\8f94779d-IMG_2352.JPG"
    },
    {
      "width": 4032,
      "height": 3024,
      "id": 132,
      "file_name": "..\\..\\label-studio\\label-studio\\media\\upload\\2\\6173032c-IMG_2353.JPG"
    },
    {
      "width": 3024,
      "height": 4032,
      "id": 133,
      "file_name": "..\\..\\label-studio\\label-studio\\media\\upload\\2\\1ff8be50-IMG_2354.JPG"
    },
    {
      "width": 3024,
      "height": 4032,
      "id": 134,
      "file_name": "..\\..\\label-studio\\label-studio\\media\\upload\\2\\d5cce2c2-IMG_2355.JPG"
    },
    {
      "width": 3024,
      "height": 4032,
      "id": 135,
      "file_name": "..\\..\\label-studio\\label-studio\\media\\upload\\2\\b526eed8-IMG_2356.JPG"
    },
    {
      "width": 3024,
      "height": 4032,
      "id": 136,
      "file_name": "..\\..\\label-studio\\label-studio\\media\\upload\\2\\e7a5b777-IMG_2357.JPG"
    },
    {
      "width": 3024,
      "height": 4032,
      "id": 137,
      "file_name": "..\\..\\label-studio\\label-studio\\media\\upload\\2\\b2c9c851-IMG_2358.JPG"
    },
    {
      "width": 3024,
      "height": 4032,
      "id": 138,
      "file_name": "..\\..\\label-studio\\label-studio\\media\\upload\\2\\6e80a240-IMG_2359.JPG"
    },
    {
      "width": 3024,
      "height": 4032,
      "id": 139,
      "file_name": "..\\..\\label-studio\\label-studio\\media\\upload\\2\\dfd0a665-IMG_2360.JPG"
    },
    {
      "width": 3024,
      "height": 4032,
      "id": 140,
      "file_name": "..\\..\\label-studio\\label-studio\\media\\upload\\2\\dd16bd6f-IMG_2362.JPG"
    },
    {
      "width": 3024,
      "height": 4032,
      "id": 141,
      "file_name": "..\\..\\label-studio\\label-studio\\media\\upload\\2\\91b97b10-IMG_2363.JPG"
    },
    {
      "width": 3024,
      "height": 4032,
      "id": 142,
      "file_name": "..\\..\\label-studio\\label-studio\\media\\upload\\2\\86562018-IMG_2364.JPG"
    },
    {
      "width": 3024,
      "height": 4032,
      "id": 143,
      "file_name": "..\\..\\label-studio\\label-studio\\media\\upload\\2\\8272e841-IMG_2365.JPG"
    },
    {
      "width": 3024,
      "height": 4032,
      "id": 144,
      "file_name": "..\\..\\label-studio\\label-studio\\media\\upload\\2\\4a3cb03d-IMG_2366.JPG"
    },
    {
      "width": 3024,
      "height": 4032,
      "id": 145,
      "file_name": "..\\..\\label-studio\\label-studio\\media\\upload\\2\\21f2ffc5-IMG_2367.JPG"
    },
    {
      "width": 3024,
      "height": 4032,
      "id": 146,
      "file_name": "..\\..\\label-studio\\label-studio\\media\\upload\\2\\dceb6ca8-IMG_2368.JPG"
    },
    {
      "width": 3024,
      "height": 4032,
      "id": 147,
      "file_name": "..\\..\\label-studio\\label-studio\\media\\upload\\2\\67418766-IMG_2369.JPG"
    },
    {
      "width": 4032,
      "height": 3024,
      "id": 148,
      "file_name": "..\\..\\label-studio\\label-studio\\media\\upload\\2\\e81033c2-IMG_2370.JPG"
    },
    {
      "width": 3024,
      "height": 4032,
      "id": 149,
      "file_name": "..\\..\\label-studio\\label-studio\\media\\upload\\2\\c1c9a970-IMG_2147.JPG"
    }
  ],
  "categories": [
    {
      "id": 0,
      "name": "Stop"
    },
    {
      "id": 1,
      "name": "No Entry (One Way)"
    },
    {
      "id": 2,
      "name": "Pedestrian Crossing"
    },
    {
      "id": 3,
      "name": "Roundabout Ahead"
    },
    {
      "id": 4,
      "name": "No Through Road (T-Sign)"
    },
    {
      "id": 5,
      "name": "Blind-Spot Mirror (Convex)"
    },
    {
      "id": 6,
      "name": "Back"
    },
    {
      "id": 7,
      "name": "Circular"
    },
    {
      "id": 8,
      "name": "Damaged"
    },
    {
      "id": 9,
      "name": "Front"
    },
    {
      "id": 10,
      "name": "Good"
    },
    {
      "id": 11,
      "name": "Heavily Damaged"
    },
    {
      "id": 12,
      "name": "No EXIF"
    },
    {
      "id": 13,
      "name": "Octagonal"
    },
    {
      "id": 14,
      "name": "Pole-mounted"
    },
    {
      "id": 15,
      "name": "Side"
    },
    {
      "id": 16,
      "name": "Sourced Online"
    },
    {
      "id": 17,
      "name": "Square"
    },
    {
      "id": 18,
      "name": "Triangular"
    },
    {
      "id": 19,
      "name": "Wall-mounted"
    },
    {
      "id": 20,
      "name": "Weathered"
    }
  ],
  "annotations": [
    {
      "id": 0,
      "image_id": 0,
      "category_id": 1,
      "segmentation": [],
      "bbox": [
        191.19665271966508,
        253.05439330543933,
        2626.142259414225,
        2609.2719665272
      ],
      "ignore": 0,
      "iscrowd": 0,
      "area": 6852319.377601939
    },
    {
      "id": 1,
      "image_id": 1,
      "category_id": 1,
      "segmentation": [],
      "bbox": [
        140.58577405857753,
        455.49790794979026,
        2665.5062761506256,
        2693.623430962342
      ],
      "ignore": 0,
      "iscrowd": 0,
      "area": 7179870.160816504
    },
    {
      "id": 2,
      "image_id": 2,
      "category_id": 1,
      "segmentation": [],
      "bbox": [
        1017.8410041840991,
        410.5104602510466,
        1304.635983263601,
        3452.78661087866
      ],
      "ignore": 0,
      "iscrowd": 0,
      "area": 4504629.655083077
    },
    {
      "id": 3,
      "image_id": 3,
      "category_id": 0,
      "segmentation": [],
      "bbox": [
        224.65606694560705,
        426.33275009509293,
        2390.2393305439346,
        2313.9395968048684
      ],
      "ignore": 0,
      "iscrowd": 0,
      "area": 5530869.43278597
    },
    {
      "id": 4,
      "image_id": 3,
      "category_id": 1,
      "segmentation": [],
      "bbox": [
        939.1129707112963,
        787.2803347280334,
        1810.7447698744777,
        2108.7866108786543
      ],
      "ignore": 0,
      "iscrowd": 0,
      "area": 3818474.3264298486
    },
    {
      "id": 5,
      "image_id": 4,
      "category_id": 0,
      "segmentation": [],
      "bbox": [
        1062.828451882845,
        472.36820083681914,
        258.6778242677818,
        3379.682008368203
      ],
      "ignore": 0,
      "iscrowd": 0,
      "area": 874248.7886416537
    },
    {
      "id": 6,
      "image_id": 4,
      "category_id": 1,
      "segmentation": [],
      "bbox": [
        1563.3138075313798,
        522.9790794979082,
        612.9539748953971,
        3216.602510460251
      ],
      "ignore": 0,
      "iscrowd": 0,
      "area": 1971629.294445124
    },
    {
      "id": 7,
      "image_id": 5,
      "category_id": 0,
      "segmentation": [],
      "bbox": [
        84.35146443514644,
        191.19665271966525,
        2727.3640167364,
        2716.1171548117145
      ],
      "ignore": 0,
      "iscrowd": 0,
      "area": 7407840.193273921
    },
    {
      "id": 8,
      "image_id": 5,
      "category_id": 1,
      "segmentation": [],
      "bbox": [
        151.83263598326377,
        185.57322175732182,
        2710.493723849373,
        2586.778242677818
      ],
      "ignore": 0,
      "iscrowd": 0,
      "area": 7011446.191768336
    },
    {
      "id": 9,
      "image_id": 6,
      "category_id": 1,
      "segmentation": [],
      "bbox": [
        5.4940710279693104e-14,
        314.9121338912127,
        2800.46861924686,
        3081.640167364012
      ],
      "ignore": 0,
      "iscrowd": 0,
      "area": 8630036.584513556
    },
    {
      "id": 10,
      "image_id": 6,
      "category_id": 0,
      "segmentation": [],
      "bbox": [
        67.48117154811713,
        275.54811715481196,
        2429.322175732214,
        3177.2384937238494
      ],
      "ignore": 0,
      "iscrowd": 0,
      "area": 7718535.930393364
    },
    {
      "id": 11,
      "image_id": 7,
      "category_id": 0,
      "segmentation": [],
      "bbox": [
        710.878356789653,
        364.3472042601747,
        500.4853556485361,
        3542.7615062761506
      ],
      "ignore": 0,
      "iscrowd": 0,
      "area": 1773100.2524465628
    },
    {
      "id": 12,
      "image_id": 7,
      "category_id": 1,
      "segmentation": [],
      "bbox": [
        1393.537314568277,
        340.6009889691909,
        455.7023963484207,
        3588.2346139216393
      ],
      "ignore": 0,
      "iscrowd": 0,
      "area": 1635167.112224441
    },
    {
      "id": 13,
      "image_id": 8,
      "category_id": 1,
      "segmentation": [],
      "bbox": [
        281.1715481171548,
        331.78242677824267,
        2637.389121338912,
        2676.753138075315
      ],
      "ignore": 0,
      "iscrowd": 0,
      "area": 7059639.60686963
    },
    {
      "id": 14,
      "image_id": 8,
      "category_id": 0,
      "segmentation": [],
      "bbox": [
        230.56066945606688,
        365.5230125523009,
        2676.753138075314,
        2643.0125523012534
      ],
      "ignore": 0,
      "iscrowd": 0,
      "area": 7074692.143344825
    },
    {
      "id": 15,
      "image_id": 9,
      "category_id": 0,
      "segmentation": [],
      "bbox": [
        1687.02928870293,
        528.6025104602511,
        410.5104602510448,
        2153.7740585774004
      ],
      "ignore": 0,
      "iscrowd": 0,
      "area": 884146.7800633693
    },
    {
      "id": 16,
      "image_id": 9,
      "category_id": 1,
      "segmentation": [],
      "bbox": [
        916.6192468619246,
        56.23430962343096,
        1315.8828451882846,
        3210.9790794979076
      ],
      "ignore": 0,
      "iscrowd": 0,
      "area": 4225272.286969766
    },
    {
      "id": 17,
      "image_id": 10,
      "category_id": 0,
      "segmentation": [],
      "bbox": [
        584.8368200836819,
        1006.5941422594134,
        2046.928870292887,
        1906.3430962343111
      ],
      "ignore": 0,
      "iscrowd": 0,
      "area": 3902148.720365543
    },
    {
      "id": 18,
      "image_id": 10,
      "category_id": 1,
      "segmentation": [],
      "bbox": [
        78.72803347280335,
        866.0083682008358,
        2905.9079497907933,
        2654.2594142259372
      ],
      "ignore": 0,
      "iscrowd": 0,
      "area": 7713033.532606205
    },
    {
      "id": 19,
      "image_id": 11,
      "category_id": 1,
      "segmentation": [],
      "bbox": [
        208.8337771015591,
        939.394142259413,
        2626.142259414227,
        2592.4016736401686
      ],
      "ignore": 0,
      "iscrowd": 0,
      "area": 6808015.588522616
    },
    {
      "id": 20,
      "image_id": 11,
      "category_id": 0,
      "segmentation": [],
      "bbox": [
        751.4181818181817,
        1576.1454545454542,
        1655.563636363637,
        1307.345454545456
      ],
      "ignore": 0,
      "iscrowd": 0,
      "area": 2164393.5947107472
    },
    {
      "id": 21,
      "image_id": 12,
      "category_id": 5,
      "segmentation": [],
      "bbox": [
        33.74058577405858,
        922.2426778242677,
        1332.7531380753142,
        1119.0627615062754
      ],
      "ignore": 0,
      "iscrowd": 0,
      "area": 1491434.4071007154
    },
    {
      "id": 22,
      "image_id": 12,
      "category_id": 5,
      "segmentation": [],
      "bbox": [
        1613.9246861924644,
        1180.9205020920501,
        1394.6108786610916,
        1051.5815899581585
      ],
      "ignore": 0,
      "iscrowd": 0,
      "area": 1466547.125155375
    },
    {
      "id": 23,
      "image_id": 13,
      "category_id": 5,
      "segmentation": [],
      "bbox": [
        1119.062761506277,
        151.8326359832636,
        1282.142259414226,
        3098.5104602510423
      ],
      "ignore": 0,
      "iscrowd": 0,
      "area": 3972731.2023248845
    },
    {
      "id": 24,
      "image_id": 13,
      "category_id": 5,
      "segmentation": [],
      "bbox": [
        629.8242677824264,
        1810.7447698744766,
        1138.1568657284158,
        1917.5899581589965
      ],
      "ignore": 0,
      "iscrowd": 0,
      "area": 2182518.1765305274
    },
    {
      "id": 25,
      "image_id": 14,
      "category_id": 5,
      "segmentation": [],
      "bbox": [
        95.59832635983268,
        1237.1548117154812,
        1563.3138075313814,
        1473.3389121338907
      ],
      "ignore": 0,
      "iscrowd": 0,
      "area": 2303291.064512176
    },
    {
      "id": 26,
      "image_id": 14,
      "category_id": 5,
      "segmentation": [],
      "bbox": [
        1850.1087866108815,
        1338.3765690376565,
        770.4100418410017,
        1321.5062761506288
      ],
      "ignore": 0,
      "iscrowd": 0,
      "area": 1018101.7055023522
    },
    {
      "id": 27,
      "image_id": 15,
      "category_id": 2,
      "segmentation": [],
      "bbox": [
        348.652719665272,
        702.9288702928858,
        2075.0460251045997,
        2249.3723849372345
      ],
      "ignore": 0,
      "iscrowd": 0,
      "area": 4667551.226344062
    },
    {
      "id": 28,
      "image_id": 16,
      "category_id": 2,
      "segmentation": [],
      "bbox": [
        978.4769874476978,
        112.4686192468619,
        1175.2970711297064,
        2361.8410041840993
      ],
      "ignore": 0,
      "iscrowd": 0,
      "area": 2775864.8146916167
    },
    {
      "id": 29,
      "image_id": 17,
      "category_id": 2,
      "segmentation": [],
      "bbox": [
        404.88702928870146,
        253.05439330543905,
        2511.7310003803705,
        2249.1678965386077
      ],
      "ignore": 0,
      "iscrowd": 0,
      "area": 5649304.730796331
    },
    {
      "id": 30,
      "image_id": 18,
      "category_id": 3,
      "segmentation": [],
      "bbox": [
        1237.154811715481,
        2277.489539748951,
        984.100418410044,
        1422.7280334727986
      ],
      "ignore": 0,
      "iscrowd": 0,
      "area": 1400107.2530242803
    },
    {
      "id": 31,
      "image_id": 19,
      "category_id": 3,
      "segmentation": [],
      "bbox": [
        1062.8284518828443,
        2333.723849372384,
        1349.623430962339,
        1315.8828451882828
      ],
      "ignore": 0,
      "iscrowd": 0,
      "area": 1775946.3202674945
    },
    {
      "id": 32,
      "image_id": 20,
      "category_id": 3,
      "segmentation": [],
      "bbox": [
        1372.1171548117156,
        2384.334728033479,
        686.0585774058567,
        1192.1673640167332
      ],
      "ignore": 0,
      "iscrowd": 0,
      "area": 817896.6457870101
    },
    {
      "id": 33,
      "image_id": 21,
      "category_id": 3,
      "segmentation": [],
      "bbox": [
        427.3807531380745,
        2091.916317991629,
        1653.2887029288747,
        1726.3933054393297
      ],
      "ignore": 0,
      "iscrowd": 0,
      "area": 2854226.548694882
    },
    {
      "id": 34,
      "image_id": 22,
      "category_id": 3,
      "segmentation": [],
      "bbox": [
        1062.8284518828448,
        2097.5397489539723,
        708.5523012552297,
        1585.8075313807574
      ],
      "ignore": 0,
      "iscrowd": 0,
      "area": 1123627.5757077106
    },
    {
      "id": 35,
      "image_id": 23,
      "category_id": 3,
      "segmentation": [],
      "bbox": [
        719.7991631799164,
        2024.435146443514,
        1512.7029288702904,
        1625.1715481171498
      ],
      "ignore": 0,
      "iscrowd": 0,
      "area": 2458401.7607534765
    },
    {
      "id": 36,
      "image_id": 24,
      "category_id": 5,
      "segmentation": [],
      "bbox": [
        326.1589958158994,
        849.1380753138068,
        854.7615062761505,
        2238.125523012555
      ],
      "ignore": 0,
      "iscrowd": 0,
      "area": 1913063.5432853084
    },
    {
      "id": 37,
      "image_id": 25,
      "category_id": 5,
      "segmentation": [],
      "bbox": [
        343.0292887029286,
        433.00418410041806,
        2502.4267782426764,
        3598.9958158995814
      ],
      "ignore": 0,
      "iscrowd": 0,
      "area": 9006223.504490461
    },
    {
      "id": 38,
      "image_id": 26,
      "category_id": 2,
      "segmentation": [],
      "bbox": [
        213.69037656903652,
        404.8870292887031,
        2401.2050209204967,
        2536.1673640167355
      ],
      "ignore": 0,
      "iscrowd": 0,
      "area": 6089857.808371686
    },
    {
      "id": 39,
      "image_id": 27,
      "category_id": 2,
      "segmentation": [],
      "bbox": [
        1102.192468619247,
        2266.2426778242675,
        303.6652719665272,
        33.74058577405879
      ],
      "ignore": 0,
      "iscrowd": 0,
      "area": 10245.844155389503
    },
    {
      "id": 40,
      "image_id": 27,
      "category_id": 2,
      "segmentation": [],
      "bbox": [
        1343.9999999999961,
        500.48535564853415,
        584.836820083681,
        3531.514644351459
      ],
      "ignore": 0,
      "iscrowd": 0,
      "area": 2065359.794681459
    },
    {
      "id": 41,
      "image_id": 28,
      "category_id": 2,
      "segmentation": [],
      "bbox": [
        73.10460251046018,
        764.7866108786603,
        2839.832635983265,
        2170.6443514644357
      ],
      "ignore": 0,
      "iscrowd": 0,
      "area": 6164266.670401433
    },
    {
      "id": 42,
      "image_id": 29,
      "category_id": 3,
      "segmentation": [],
      "bbox": [
        804.1506276150614,
        534.225941422594,
        1310.2594142259386,
        1237.1548117154828
      ],
      "ignore": 0,
      "iscrowd": 0,
      "area": 1620993.7389051297
    },
    {
      "id": 43,
      "image_id": 30,
      "category_id": 3,
      "segmentation": [],
      "bbox": [
        1456.468619246863,
        433.0041841004169,
        399.26359832635814,
        1388.9874476987422
      ],
      "ignore": 0,
      "iscrowd": 0,
      "area": 554572.1263983441
    },
    {
      "id": 44,
      "image_id": 31,
      "category_id": 3,
      "segmentation": [],
      "bbox": [
        1169.6736401673625,
        382.39330543933033,
        1225.9079497907944,
        1057.205020920501
      ],
      "ignore": 0,
      "iscrowd": 0,
      "area": 1296036.0397051855
    },
    {
      "id": 45,
      "image_id": 32,
      "category_id": 3,
      "segmentation": [],
      "bbox": [
        624.2008368200832,
        899.7489539748948,
        1726.3933054393294,
        1658.9121338912096
      ],
      "ignore": 0,
      "iscrowd": 0,
      "area": 2863934.802261857
    },
    {
      "id": 46,
      "image_id": 33,
      "category_id": 3,
      "segmentation": [],
      "bbox": [
        1169.6736401673643,
        477.99163179916303,
        691.682008368201,
        2389.9581589958175
      ],
      "ignore": 0,
      "iscrowd": 0,
      "area": 1653091.0593301952
    },
    {
      "id": 47,
      "image_id": 34,
      "category_id": 3,
      "segmentation": [],
      "bbox": [
        191.19665271966502,
        466.74476987447605,
        2671.129707112969,
        2249.372384937237
      ],
      "ignore": 0,
      "iscrowd": 0,
      "area": 6008365.399765401
    },
    {
      "id": 48,
      "image_id": 35,
      "category_id": 3,
      "segmentation": [],
      "bbox": [
        84.35146443514641,
        50.61087866108795,
        2939.648535564853,
        2322.476987447698
      ],
      "ignore": 0,
      "iscrowd": 0,
      "area": 6827266.075033696
    },
    {
      "id": 49,
      "image_id": 36,
      "category_id": 3,
      "segmentation": [],
      "bbox": [
        16.870292887029283,
        337.40585774058576,
        2928.4016736401677,
        2586.7782426778226
      ],
      "ignore": 0,
      "iscrowd": 0,
      "area": 7575125.735193708
    },
    {
      "id": 50,
      "image_id": 37,
      "category_id": 3,
      "segmentation": [],
      "bbox": [
        629.8242677824272,
        11.246861924686193,
        2108.786610878662,
        2918.560669456066
      ],
      "ignore": 0,
      "iscrowd": 0,
      "area": 6154621.662786016
    },
    {
      "id": 51,
      "image_id": 38,
      "category_id": 5,
      "segmentation": [],
      "bbox": [
        1214.6610878661074,
        1462.0920502092022,
        1102.1924686192426,
        1973.8242677824276
      ],
      "ignore": 0,
      "iscrowd": 0,
      "area": 2175534.2423276827
    },
    {
      "id": 52,
      "image_id": 39,
      "category_id": 5,
      "segmentation": [],
      "bbox": [
        224.93723849372392,
        1079.698744769872,
        2598.025104602509,
        2907.3138075313823
      ],
      "ignore": 0,
      "iscrowd": 0,
      "area": 7553274.258924038
    },
    {
      "id": 53,
      "image_id": 40,
      "category_id": 5,
      "segmentation": [],
      "bbox": [
        354.2761506276147,
        213.6903765690369,
        1810.7447698744802,
        3317.8242677824246
      ],
      "ignore": 0,
      "iscrowd": 0,
      "area": 6007732.940249653
    },
    {
      "id": 54,
      "image_id": 41,
      "category_id": 0,
      "segmentation": [],
      "bbox": [
        433.0041841004183,
        770.4100418410027,
        1985.0711297071136,
        1988.2662609357142
      ],
      "ignore": 0,
      "iscrowd": 0,
      "area": 3946849.9527541967
    },
    {
      "id": 55,
      "image_id": 42,
      "category_id": 0,
      "segmentation": [],
      "bbox": [
        1574.5606694560663,
        556.7196652719666,
        612.9539748953977,
        2198.76150627615
      ],
      "ignore": 0,
      "iscrowd": 0,
      "area": 1347739.605118958
    },
    {
      "id": 56,
      "image_id": 43,
      "category_id": 0,
      "segmentation": [],
      "bbox": [
        410.5104602510461,
        905.3723849372369,
        1861.3556485355646,
        1748.8870292887011
      ],
      "ignore": 0,
      "iscrowd": 0,
      "area": 3255300.7506171074
    },
    {
      "id": 57,
      "image_id": 44,
      "category_id": 1,
      "segmentation": [],
      "bbox": [
        731.0460251046023,
        506.108786610879,
        1636.4184100418404,
        1557.6903765690367
      ],
      "ignore": 0,
      "iscrowd": 0,
      "area": 2549033.2093625786
    },
    {
      "id": 58,
      "image_id": 45,
      "category_id": 1,
      "segmentation": [],
      "bbox": [
        1270.8953974895394,
        433.0041841004178,
        416.13389121338975,
        1619.5481171548083
      ],
      "ignore": 0,
      "iscrowd": 0,
      "area": 673948.8599989492
    },
    {
      "id": 59,
      "image_id": 46,
      "category_id": 1,
      "segmentation": [],
      "bbox": [
        551.0962343096232,
        303.6652719665269,
        1675.7824267782419,
        1608.3012552301232
      ],
      "ignore": 0,
      "iscrowd": 0,
      "area": 2695162.9804800283
    },
    {
      "id": 60,
      "image_id": 47,
      "category_id": 3,
      "segmentation": [],
      "bbox": [
        843.5146443514627,
        236.18410041840988,
        1366.4937238493728,
        1242.7782426778238
      ],
      "ignore": 0,
      "iscrowd": 0,
      "area": 1698248.6687557988
    },
    {
      "id": 61,
      "image_id": 48,
      "category_id": 2,
      "segmentation": [],
      "bbox": [
        1186.543933054392,
        84.35146443514644,
        365.5230125523026,
        1484.585774058577
      ],
      "ignore": 0,
      "iscrowd": 0,
      "area": 542650.2645261831
    },
    {
      "id": 62,
      "image_id": 49,
      "category_id": 2,
      "segmentation": [],
      "bbox": [
        922.2426778242677,
        118.09205020920501,
        1417.1046025104597,
        1316.164016736402
      ],
      "ignore": 0,
      "iscrowd": 0,
      "area": 1865142.085775809
    },
    {
      "id": 63,
      "image_id": 50,
      "category_id": 0,
      "segmentation": [],
      "bbox": [
        725.8315709395204,
        1012.2175732217551,
        1855.323240775962,
        1840.6000760745528
      ],
      "ignore": 0,
      "iscrowd": 0,
      "area": 3414908.0981151215
    },
    {
      "id": 64,
      "image_id": 51,
      "category_id": 0,
      "segmentation": [],
      "bbox": [
        1034.7112970711294,
        359.8995815899582,
        899.7489539748952,
        3244.7196652719613
      ],
      "ignore": 0,
      "iscrowd": 0,
      "area": 2919433.1247702194
    },
    {
      "id": 65,
      "image_id": 52,
      "category_id": 0,
      "segmentation": [],
      "bbox": [
        112.46861924686185,
        567.9665271966528,
        2851.0794979079496,
        2716.1171548117154
      ],
      "ignore": 0,
      "iscrowd": 0,
      "area": 7743865.9339997545
    },
    {
      "id": 66,
      "image_id": 53,
      "category_id": 1,
      "segmentation": [],
      "bbox": [
        1467.7154811715475,
        972.8535564853552,
        652.3179916317979,
        674.8117154811717
      ],
      "ignore": 0,
      "iscrowd": 0,
      "area": 440191.8229722862
    },
    {
      "id": 67,
      "image_id": 54,
      "category_id": 1,
      "segmentation": [],
      "bbox": [
        1428.3514644351465,
        798.5271966527199,
        247.43096234309616,
        837.8912133891213
      ],
      "ignore": 0,
      "iscrowd": 0,
      "area": 207320.2292676948
    },
    {
      "id": 68,
      "image_id": 55,
      "category_id": 1,
      "segmentation": [],
      "bbox": [
        1057.205020920502,
        1034.7112970711298,
        118.09205020920453,
        494.86192468619237
      ],
      "ignore": 0,
      "iscrowd": 0,
      "area": 58439.25925666542
    },
    {
      "id": 69,
      "image_id": 56,
      "category_id": 1,
      "segmentation": [],
      "bbox": [
        494.8363636363636,
        1001.8909090909093,
        574.2545454545457,
        610.9090909090912
      ],
      "ignore": 0,
      "iscrowd": 0,
      "area": 350817.3223140499
    },
    {
      "id": 70,
      "image_id": 57,
      "category_id": 1,
      "segmentation": [],
      "bbox": [
        965.2363636363626,
        568.1454545454543,
        262.6909090909091,
        1038.5454545454543
      ],
      "ignore": 0,
      "iscrowd": 0,
      "area": 272816.4495867768
    },
    {
      "id": 71,
      "image_id": 58,
      "category_id": 1,
      "segmentation": [],
      "bbox": [
        2015.9999999999998,
        1117.9636363636364,
        207.7090909090912,
        574.2545454545455
      ],
      "ignore": 0,
      "iscrowd": 0,
      "area": 119277.88958677703
    },
    {
      "id": 72,
      "image_id": 59,
      "category_id": 1,
      "segmentation": [],
      "bbox": [
        1832.727272727272,
        537.5999999999999,
        519.2727272727275,
        507.054545454545
      ],
      "ignore": 0,
      "iscrowd": 0,
      "area": 263299.59669421474
    },
    {
      "id": 73,
      "image_id": 60,
      "category_id": 1,
      "segmentation": [],
      "bbox": [
        1728.8727272727276,
        366.54545454545433,
        116.07272727272696,
        861.3818181818186
      ],
      "ignore": 0,
      "iscrowd": 0,
      "area": 99982.93685950391
    },
    {
      "id": 74,
      "image_id": 61,
      "category_id": 1,
      "segmentation": [],
      "bbox": [
        1289.0181818181818,
        1075.2,
        140.50909090909082,
        818.6181818181817
      ],
      "ignore": 0,
      "iscrowd": 0,
      "area": 115023.29652892552
    },
    {
      "id": 75,
      "image_id": 62,
      "category_id": 4,
      "segmentation": [],
      "bbox": [
        1270.6909090909091,
        1264.5818181818183,
        421.5272727272729,
        415.4181818181819
      ],
      "ignore": 0,
      "iscrowd": 0,
      "area": 175110.09322314057
    },
    {
      "id": 76,
      "image_id": 63,
      "category_id": 4,
      "segmentation": [],
      "bbox": [
        1576.1454545454546,
        1282.9090909090908,
        293.2363636363633,
        513.1636363636368
      ],
      "ignore": 0,
      "iscrowd": 0,
      "area": 150478.2386776859
    },
    {
      "id": 77,
      "image_id": 64,
      "category_id": 4,
      "segmentation": [],
      "bbox": [
        702.5454545454545,
        201.6,
        397.0909090909092,
        2113.7454545454543
      ],
      "ignore": 0,
      "iscrowd": 0,
      "area": 839349.1041322316
    },
    {
      "id": 78,
      "image_id": 65,
      "category_id": 0,
      "segmentation": [],
      "bbox": [
        1014.1090909090907,
        1325.6727272727273,
        555.9272727272729,
        513.1636363636368
      ],
      "ignore": 0,
      "iscrowd": 0,
      "area": 285281.6608264466
    },
    {
      "id": 79,
      "image_id": 66,
      "category_id": 0,
      "segmentation": [],
      "bbox": [
        1289.0181818181823,
        965.2363636363635,
        397.09090909090907,
        562.0363636363635
      ],
      "ignore": 0,
      "iscrowd": 0,
      "area": 223179.53057851232
    },
    {
      "id": 80,
      "image_id": 67,
      "category_id": 0,
      "segmentation": [],
      "bbox": [
        1020.2181818181816,
        1032.4363636363637,
        513.1636363636368,
        507.05454545454535
      ],
      "ignore": 0,
      "iscrowd": 0,
      "area": 260201.95438016544
    },
    {
      "id": 81,
      "image_id": 68,
      "category_id": 1,
      "segmentation": [],
      "bbox": [
        1405.0909090909086,
        1423.4181818181817,
        360.43636363636426,
        329.89090909090936
      ],
      "ignore": 0,
      "iscrowd": 0,
      "area": 118904.67966942179
    },
    {
      "id": 82,
      "image_id": 68,
      "category_id": 1,
      "segmentation": [],
      "bbox": [
        1502.8363636363638,
        1741.0909090909104,
        207.70909090909,
        287.1272727272715
      ],
      "ignore": 0,
      "iscrowd": 0,
      "area": 59638.94479338791
    },
    {
      "id": 83,
      "image_id": 69,
      "category_id": 1,
      "segmentation": [],
      "bbox": [
        1295.1272727272726,
        745.3090909090909,
        439.85454545454576,
        555.9272727272728
      ],
      "ignore": 0,
      "iscrowd": 0,
      "area": 244527.13785123988
    },
    {
      "id": 84,
      "image_id": 69,
      "category_id": 1,
      "segmentation": [],
      "bbox": [
        1185.1636363636362,
        1313.4545454545448,
        598.6909090909091,
        586.4727272727268
      ],
      "ignore": 0,
      "iscrowd": 0,
      "area": 351115.8902479337
    },
    {
      "id": 85,
      "image_id": 70,
      "category_id": 1,
      "segmentation": [],
      "bbox": [
        1289.0181818181816,
        617.0181818181818,
        659.7818181818184,
        641.4545454545454
      ],
      "ignore": 0,
      "iscrowd": 0,
      "area": 423220.0462809918
    },
    {
      "id": 86,
      "image_id": 70,
      "category_id": 1,
      "segmentation": [],
      "bbox": [
        1502.8363636363638,
        1221.8181818181831,
        244.3636363636367,
        672.0000000000007
      ],
      "ignore": 0,
      "iscrowd": 0,
      "area": 164212.36363636403
    },
    {
      "id": 87,
      "image_id": 71,
      "category_id": 5,
      "segmentation": [],
      "bbox": [
        1240.1454545454546,
        1570.0363636363636,
        323.78181818181815,
        305.45454545454555
      ],
      "ignore": 0,
      "iscrowd": 0,
      "area": 98900.62809917358
    },
    {
      "id": 88,
      "image_id": 71,
      "category_id": 1,
      "segmentation": [],
      "bbox": [
        1258.472727272728,
        1563.9272727272726,
        219.9272727272714,
        317.67272727272723
      ],
      "ignore": 0,
      "iscrowd": 0,
      "area": 69864.8965289252
    },
    {
      "id": 89,
      "image_id": 72,
      "category_id": 5,
      "segmentation": [],
      "bbox": [
        1496.7272727272727,
        635.3454545454545,
        323.78181818181815,
        891.9272727272727
      ],
      "ignore": 0,
      "iscrowd": 0,
      "area": 288789.83404958673
    },
    {
      "id": 90,
      "image_id": 72,
      "category_id": 1,
      "segmentation": [],
      "bbox": [
        1215.709090909091,
        671.9999999999999,
        366.5454545454546,
        946.9090909090909
      ],
      "ignore": 0,
      "iscrowd": 0,
      "area": 347085.22314049595
    },
    {
      "id": 91,
      "image_id": 73,
      "category_id": 1,
      "segmentation": [],
      "bbox": [
        1319.563636363636,
        1179.054545454545,
        372.6545454545457,
        513.1636363636368
      ],
      "ignore": 0,
      "iscrowd": 0,
      "area": 191232.76165289286
    },
    {
      "id": 92,
      "image_id": 73,
      "category_id": 5,
      "segmentation": [],
      "bbox": [
        1215.709090909091,
        1166.8363636363636,
        305.4545454545446,
        500.945454545454
      ],
      "ignore": 0,
      "iscrowd": 0,
      "area": 153016.0661157019
    },
    {
      "id": 93,
      "image_id": 74,
      "category_id": 1,
      "segmentation": [],
      "bbox": [
        1319.563636363636,
        690.3272727272729,
        562.0363636363641,
        562.0363636363635
      ],
      "ignore": 0,
      "iscrowd": 0,
      "area": 315884.87404958694
    },
    {
      "id": 94,
      "image_id": 75,
      "category_id": 1,
      "segmentation": [],
      "bbox": [
        1722.7636363636366,
        812.5090909090909,
        134.39999999999995,
        671.9999999999997
      ],
      "ignore": 0,
      "iscrowd": 0,
      "area": 90316.79999999992
    },
    {
      "id": 95,
      "image_id": 76,
      "category_id": 1,
      "segmentation": [],
      "bbox": [
        1563.9272727272726,
        1649.4545454545455,
        293.2363636363636,
        421.5272727272728
      ],
      "ignore": 0,
      "iscrowd": 0,
      "area": 123607.12462809918
    },
    {
      "id": 96,
      "image_id": 77,
      "category_id": 0,
      "segmentation": [],
      "bbox": [
        1062.9818181818173,
        1117.9636363636366,
        604.8,
        726.9818181818177
      ],
      "ignore": 0,
      "iscrowd": 0,
      "area": 439678.60363636335
    },
    {
      "id": 97,
      "image_id": 77,
      "category_id": 1,
      "segmentation": [],
      "bbox": [
        67.2,
        2376.4363636363637,
        195.49090909090907,
        317.67272727272774
      ],
      "ignore": 0,
      "iscrowd": 0,
      "area": 62102.13024793397
    },
    {
      "id": 98,
      "image_id": 77,
      "category_id": 1,
      "segmentation": [],
      "bbox": [
        1582.2545454545457,
        1307.3454545454542,
        158.8363636363624,
        555.9272727272732
      ],
      "ignore": 0,
      "iscrowd": 0,
      "area": 88301.46644628038
    },
    {
      "id": 99,
      "image_id": 78,
      "category_id": 0,
      "segmentation": [],
      "bbox": [
        1264.5818181818177,
        274.9090909090909,
        421.5272727272728,
        1209.5999999999997
      ],
      "ignore": 0,
      "iscrowd": 0,
      "area": 509879.38909090904
    },
    {
      "id": 100,
      "image_id": 78,
      "category_id": 1,
      "segmentation": [],
      "bbox": [
        445.9636363636364,
        635.3454545454545,
        928.5818181818181,
        977.4545454545455
      ],
      "ignore": 0,
      "iscrowd": 0,
      "area": 907646.5190082644
    },
    {
      "id": 101,
      "image_id": 79,
      "category_id": 0,
      "segmentation": [],
      "bbox": [
        1117.963636363636,
        965.2363636363634,
        574.2545454545457,
        562.0363636363634
      ],
      "ignore": 0,
      "iscrowd": 0,
      "area": 322751.9365289256
    },
    {
      "id": 102,
      "image_id": 79,
      "category_id": 1,
      "segmentation": [],
      "bbox": [
        586.4727272727273,
        659.7818181818183,
        342.10909090909087,
        665.8909090909093
      ],
      "ignore": 0,
      "iscrowd": 0,
      "area": 227807.33355371904
    },
    {
      "id": 103,
      "image_id": 80,
      "category_id": 5,
      "segmentation": [],
      "bbox": [
        1056.8727272727258,
        1264.581818181818,
        409.3090909090905,
        372.6545454545462
      ],
      "ignore": 0,
      "iscrowd": 0,
      "area": 152530.89322314065
    },
    {
      "id": 104,
      "image_id": 81,
      "category_id": 5,
      "segmentation": [],
      "bbox": [
        1185.163636363637,
        702.5454545454547,
        317.6727272727272,
        824.7272727272709
      ],
      "ignore": 0,
      "iscrowd": 0,
      "area": 261993.36198347041
    },
    {
      "id": 105,
      "image_id": 82,
      "category_id": 5,
      "segmentation": [],
      "bbox": [
        1472.2909090909095,
        1466.1818181818182,
        445.9636363636364,
        494.8363636363637
      ],
      "ignore": 0,
      "iscrowd": 0,
      "area": 220679.02413223145
    },
    {
      "id": 106,
      "image_id": 83,
      "category_id": 1,
      "segmentation": [],
      "bbox": [
        1570.0363636363636,
        1765.5272727272727,
        219.92727272727296,
        232.14545454545456
      ],
      "ignore": 0,
      "iscrowd": 0,
      "area": 51055.116694214936
    },
    {
      "id": 107,
      "image_id": 84,
      "category_id": 1,
      "segmentation": [],
      "bbox": [
        1667.7818181818182,
        1625.0181818181818,
        79.41818181818171,
        415.4181818181819
      ],
      "ignore": 0,
      "iscrowd": 0,
      "area": 32991.75669421483
    },
    {
      "id": 108,
      "image_id": 85,
      "category_id": 1,
      "segmentation": [],
      "bbox": [
        1148.509090909091,
        1411.2,
        244.36363636363643,
        415.4181818181816
      ],
      "ignore": 0,
      "iscrowd": 0,
      "area": 101513.09752066113
    },
    {
      "id": 109,
      "image_id": 86,
      "category_id": 5,
      "segmentation": [],
      "bbox": [
        1221.8181818181818,
        1008.0,
        580.3636363636361,
        525.3818181818195
      ],
      "ignore": 0,
      "iscrowd": 0,
      "area": 304912.50247933954
    },
    {
      "id": 110,
      "image_id": 87,
      "category_id": 5,
      "segmentation": [],
      "bbox": [
        1075.2,
        641.4545454545456,
        299.3454545454546,
        623.1272727272731
      ],
      "ignore": 0,
      "iscrowd": 0,
      "area": 186530.316694215
    },
    {
      "id": 111,
      "image_id": 88,
      "category_id": 4,
      "segmentation": [],
      "bbox": [
        2376.4363636363632,
        928.5818181818182,
        311.5636363636366,
        397.0909090909092
      ],
      "ignore": 0,
      "iscrowd": 0,
      "area": 123719.0876033059
    },
    {
      "id": 112,
      "image_id": 89,
      "category_id": 0,
      "segmentation": [],
      "bbox": [
        1234.036363636364,
        1350.1090909090913,
        226.03636363636375,
        219.92727272727265
      ],
      "ignore": 0,
      "iscrowd": 0,
      "area": 49711.56099173555
    },
    {
      "id": 113,
      "image_id": 89,
      "category_id": 1,
      "segmentation": [],
      "bbox": [
        1282.909090909091,
        1405.090909090909,
        219.92727272727276,
        171.05454545454543
      ],
      "ignore": 0,
      "iscrowd": 0,
      "area": 37619.55966942149
    },
    {
      "id": 114,
      "image_id": 90,
      "category_id": 0,
      "segmentation": [],
      "bbox": [
        1588.3636363636365,
        1350.1090909090908,
        109.96363636363606,
        433.74545454545455
      ],
      "ignore": 0,
      "iscrowd": 0,
      "area": 47696.227438016394
    },
    {
      "id": 115,
      "image_id": 90,
      "category_id": 1,
      "segmentation": [],
      "bbox": [
        1710.5454545454545,
        1343.9999999999998,
        109.96363636363648,
        439.85454545454564
      ],
      "ignore": 0,
      "iscrowd": 0,
      "area": 48368.005289256274
    },
    {
      "id": 116,
      "image_id": 91,
      "category_id": 1,
      "segmentation": [],
      "bbox": [
        1631.1272727272715,
        1289.018181818181,
        476.5090909090921,
        647.563636363637
      ],
      "ignore": 0,
      "iscrowd": 0,
      "area": 308569.95966942253
    },
    {
      "id": 117,
      "image_id": 91,
      "category_id": 0,
      "segmentation": [],
      "bbox": [
        1441.745454545454,
        1276.8,
        507.0545454545452,
        678.1090909090907
      ],
      "ignore": 0,
      "iscrowd": 0,
      "area": 343838.29685950384
    },
    {
      "id": 118,
      "image_id": 92,
      "category_id": 1,
      "segmentation": [],
      "bbox": [
        781.9636363636355,
        519.2727272727271,
        818.6181818181824,
        855.2727272727269
      ],
      "ignore": 0,
      "iscrowd": 0,
      "area": 700141.8049586779
    },
    {
      "id": 119,
      "image_id": 93,
      "category_id": 1,
      "segmentation": [],
      "bbox": [
        1215.7090909090905,
        562.0363636363637,
        268.8000000000001,
        818.6181818181819
      ],
      "ignore": 0,
      "iscrowd": 0,
      "area": 220044.5672727274
    },
    {
      "id": 120,
      "image_id": 94,
      "category_id": 1,
      "segmentation": [],
      "bbox": [
        1857.163636363636,
        647.5636363636364,
        623.127272727273,
        671.9999999999999
      ],
      "ignore": 0,
      "iscrowd": 0,
      "area": 418741.52727272734
    },
    {
      "id": 121,
      "image_id": 95,
      "category_id": 5,
      "segmentation": [],
      "bbox": [
        971.3454545454547,
        726.9818181818184,
        281.01818181818135,
        684.2181818181816
      ],
      "ignore": 0,
      "iscrowd": 0,
      "area": 192277.7494214872
    },
    {
      "id": 122,
      "image_id": 95,
      "category_id": 1,
      "segmentation": [],
      "bbox": [
        1759.4181818181821,
        1814.399999999997,
        189.3818181818182,
        195.49090909091154
      ],
      "ignore": 0,
      "iscrowd": 0,
      "area": 37022.42380165336
    },
    {
      "id": 123,
      "image_id": 96,
      "category_id": 5,
      "segmentation": [],
      "bbox": [
        1380.6545454545446,
        1227.9272727272726,
        409.3090909090912,
        513.163636363636
      ],
      "ignore": 0,
      "iscrowd": 0,
      "area": 210042.5414876033
    },
    {
      "id": 124,
      "image_id": 97,
      "category_id": 5,
      "segmentation": [],
      "bbox": [
        2034.3272727272727,
        1472.290909090909,
        317.67272727272774,
        293.23636363636365
      ],
      "ignore": 0,
      "iscrowd": 0,
      "area": 93153.19537190096
    },
    {
      "id": 125,
      "image_id": 98,
      "category_id": 5,
      "segmentation": [],
      "bbox": [
        1337.448484848485,
        1221.4141414141413,
        287.032323232323,
        372.5313131313134
      ],
      "ignore": 0,
      "iscrowd": 0,
      "area": 106928.52828486888
    },
    {
      "id": 126,
      "image_id": 99,
      "category_id": 5,
      "segmentation": [],
      "bbox": [
        1368.4363636363635,
        1362.3272727272727,
        293.2363636363636,
        317.6727272727274
      ],
      "ignore": 0,
      "iscrowd": 0,
      "area": 93153.19537190085
    },
    {
      "id": 127,
      "image_id": 100,
      "category_id": 5,
      "segmentation": [],
      "bbox": [
        1380.6545454545453,
        1295.1272727272728,
        213.81818181818164,
        372.6545454545454
      ],
      "ignore": 0,
      "iscrowd": 0,
      "area": 79680.31735537182
    },
    {
      "id": 128,
      "image_id": 101,
      "category_id": 1,
      "segmentation": [],
      "bbox": [
        1337.8909090909092,
        1136.290909090909,
        390.9818181818183,
        403.2000000000003
      ],
      "ignore": 0,
      "iscrowd": 0,
      "area": 157643.86909090925
    },
    {
      "id": 129,
      "image_id": 102,
      "category_id": 1,
      "segmentation": [],
      "bbox": [
        1441.7454545454548,
        1606.6909090909091,
        91.63636363636365,
        317.6727272727271
      ],
      "ignore": 0,
      "iscrowd": 0,
      "area": 29110.373553719
    },
    {
      "id": 130,
      "image_id": 103,
      "category_id": 1,
      "segmentation": [],
      "bbox": [
        2199.2727272727275,
        1337.8909090909085,
        274.9090909090904,
        433.7454545454541
      ],
      "ignore": 0,
      "iscrowd": 0,
      "area": 119240.56859504098
    },
    {
      "id": 131,
      "image_id": 104,
      "category_id": 0,
      "segmentation": [],
      "bbox": [
        1148.509090909091,
        1148.5090909090904,
        342.1090909090908,
        342.1090909090905
      ],
      "ignore": 0,
      "iscrowd": 0,
      "area": 117038.63008264446
    },
    {
      "id": 132,
      "image_id": 105,
      "category_id": 0,
      "segmentation": [],
      "bbox": [
        1435.6363636363635,
        1050.7636363636366,
        140.50909090909101,
        500.9454545454545
      ],
      "ignore": 0,
      "iscrowd": 0,
      "area": 70387.39041322318
    },
    {
      "id": 133,
      "image_id": 106,
      "category_id": 0,
      "segmentation": [],
      "bbox": [
        1716.6545454545455,
        781.9636363636363,
        464.29090909090905,
        439.8545454545453
      ],
      "ignore": 0,
      "iscrowd": 0,
      "area": 204220.46677685942
    },
    {
      "id": 134,
      "image_id": 107,
      "category_id": 5,
      "segmentation": [],
      "bbox": [
        1588.3636363636365,
        916.3636363636361,
        427.63636363636346,
        433.7454545454546
      ],
      "ignore": 0,
      "iscrowd": 0,
      "area": 185485.32892561977
    },
    {
      "id": 135,
      "image_id": 108,
      "category_id": 5,
      "segmentation": [],
      "bbox": [
        2003.7818181818186,
        1209.6,
        213.81818181818144,
        317.6727272727271
      ],
      "ignore": 0,
      "iscrowd": 0,
      "area": 67924.20495867754
    },
    {
      "id": 136,
      "image_id": 109,
      "category_id": 5,
      "segmentation": [],
      "bbox": [
        1453.9636363636355,
        873.5999999999997,
        427.6363636363645,
        555.9272727272725
      ],
      "ignore": 0,
      "iscrowd": 0,
      "area": 237734.71735537224
    },
    {
      "id": 137,
      "image_id": 110,
      "category_id": 0,
      "segmentation": [],
      "bbox": [
        1087.4181818181817,
        1417.309090909091,
        256.5818181818182,
        268.8000000000004
      ],
      "ignore": 0,
      "iscrowd": 0,
      "area": 68969.19272727285
    },
    {
      "id": 138,
      "image_id": 111,
      "category_id": 0,
      "segmentation": [],
      "bbox": [
        1612.8,
        1172.9454545454546,
        97.74545454545432,
        452.0727272727274
      ],
      "ignore": 0,
      "iscrowd": 0,
      "area": 44188.05421487594
    },
    {
      "id": 139,
      "image_id": 112,
      "category_id": 0,
      "segmentation": [],
      "bbox": [
        1570.0363636363616,
        1600.5818181818197,
        329.89090909090964,
        360.4363636363628
      ],
      "ignore": 0,
      "iscrowd": 0,
      "area": 118904.67966942141
    },
    {
      "id": 140,
      "image_id": 113,
      "category_id": 1,
      "segmentation": [],
      "bbox": [
        226.0363636363636,
        1246.2545454545452,
        201.6,
        195.49090909090918
      ],
      "ignore": 0,
      "iscrowd": 0,
      "area": 39410.96727272729
    },
    {
      "id": 141,
      "image_id": 113,
      "category_id": 1,
      "segmentation": [],
      "bbox": [
        2413.0909090909095,
        1631.1272727272733,
        256.581818181818,
        262.6909090909085
      ],
      "ignore": 0,
      "iscrowd": 0,
      "area": 67401.71107437997
    },
    {
      "id": 142,
      "image_id": 114,
      "category_id": 1,
      "segmentation": [],
      "bbox": [
        1441.745454545454,
        1203.490909090909,
        134.39999999999952,
        525.3818181818181
      ],
      "ignore": 0,
      "iscrowd": 0,
      "area": 70611.3163636361
    },
    {
      "id": 143,
      "image_id": 114,
      "category_id": 1,
      "segmentation": [],
      "bbox": [
        1698.327272727274,
        1429.5272727272707,
        91.6363636363633,
        238.2545454545476
      ],
      "ignore": 0,
      "iscrowd": 0,
      "area": 21832.780165289372
    },
    {
      "id": 144,
      "image_id": 115,
      "category_id": 1,
      "segmentation": [],
      "bbox": [
        140.50909090909087,
        1777.745454545454,
        195.49090909090916,
        219.92727272727294
      ],
      "ignore": 0,
      "iscrowd": 0,
      "area": 42993.7824793389
    },
    {
      "id": 145,
      "image_id": 115,
      "category_id": 1,
      "segmentation": [],
      "bbox": [
        2608.581818181818,
        1020.218181818182,
        256.5818181818186,
        256.581818181818
      ],
      "ignore": 0,
      "iscrowd": 0,
      "area": 65834.22942148766
    },
    {
      "id": 146,
      "image_id": 116,
      "category_id": 2,
      "segmentation": [],
      "bbox": [
        1252.3636363636367,
        1282.9090909090908,
        336.0,
        317.67272727272695
      ],
      "ignore": 0,
      "iscrowd": 0,
      "area": 106738.03636363626
    },
    {
      "id": 147,
      "image_id": 117,
      "category_id": 2,
      "segmentation": [],
      "bbox": [
        1515.0545454545456,
        904.1454545454548,
        507.0545454545463,
        482.6181818181814
      ],
      "ignore": 0,
      "iscrowd": 0,
      "area": 244713.74280991757
    },
    {
      "id": 148,
      "image_id": 118,
      "category_id": 2,
      "segmentation": [],
      "bbox": [
        1411.2,
        1258.4727272727273,
        195.49090909090904,
        452.07272727272704
      ],
      "ignore": 0,
      "iscrowd": 0,
      "area": 88376.108429752
    },
    {
      "id": 149,
      "image_id": 119,
      "category_id": 2,
      "segmentation": [],
      "bbox": [
        366.54545454545485,
        1362.3272727272736,
        219.92727272727257,
        183.2727272727272
      ],
      "ignore": 0,
      "iscrowd": 0,
      "area": 40306.671074380116
    },
    {
      "id": 150,
      "image_id": 119,
      "category_id": 2,
      "segmentation": [],
      "bbox": [
        2633.0181818181813,
        1380.6545454545455,
        158.83636363636387,
        207.7090909090908
      ],
      "ignore": 0,
      "iscrowd": 0,
      "area": 32991.756694214906
    },
    {
      "id": 151,
      "image_id": 120,
      "category_id": 2,
      "segmentation": [],
      "bbox": [
        1056.8727272727272,
        891.9272727272728,
        219.92727272727276,
        665.890909090909
      ],
      "ignore": 0,
      "iscrowd": 0,
      "area": 146447.57157024794
    },
    {
      "id": 152,
      "image_id": 121,
      "category_id": 2,
      "segmentation": [],
      "bbox": [
        287.1272727272727,
        1472.290909090909,
        311.5636363636364,
        348.21818181818196
      ],
      "ignore": 0,
      "iscrowd": 0,
      "area": 108492.12297520667
    },
    {
      "id": 153,
      "image_id": 121,
      "category_id": 2,
      "segmentation": [],
      "bbox": [
        2528.7810035786083,
        1653.3262253802989,
        140.34696737996052,
        173.8659056153979
      ],
      "ignore": 0,
      "iscrowd": 0,
      "area": 24401.552583891546
    },
    {
      "id": 154,
      "image_id": 122,
      "category_id": 1,
      "segmentation": [],
      "bbox": [
        1429.5272727272727,
        1374.5454545454538,
        623.127272727273,
        592.5818181818183
      ],
      "ignore": 0,
      "iscrowd": 0,
      "area": 369253.8922314052
    },
    {
      "id": 155,
      "image_id": 123,
      "category_id": 1,
      "segmentation": [],
      "bbox": [
        1704.4363636363635,
        1313.4545454545455,
        213.81818181818156,
        788.0727272727275
      ],
      "ignore": 0,
      "iscrowd": 0,
      "area": 168504.27768595028
    },
    {
      "id": 156,
      "image_id": 124,
      "category_id": 1,
      "segmentation": [],
      "bbox": [
        1551.70909090909,
        1441.7454545454543,
        519.2727272727273,
        617.0181818181823
      ],
      "ignore": 0,
      "iscrowd": 0,
      "area": 320400.71404958697
    },
    {
      "id": 157,
      "image_id": 125,
      "category_id": 0,
      "segmentation": [],
      "bbox": [
        1001.8909090909094,
        635.3454545454547,
        867.4909090909085,
        867.4909090909081
      ],
      "ignore": 0,
      "iscrowd": 0,
      "area": 752540.4773553705
    },
    {
      "id": 158,
      "image_id": 125,
      "category_id": 1,
      "segmentation": [],
      "bbox": [
        1032.436363636364,
        696.4363636363634,
        818.6181818181819,
        843.0545454545453
      ],
      "ignore": 0,
      "iscrowd": 0,
      "area": 690139.7791735537
    },
    {
      "id": 159,
      "image_id": 126,
      "category_id": 0,
      "segmentation": [],
      "bbox": [
        873.5999999999999,
        592.5818181818181,
        195.49090909090927,
        1148.509090909091
      ],
      "ignore": 0,
      "iscrowd": 0,
      "area": 224523.08628099193
    },
    {
      "id": 160,
      "image_id": 126,
      "category_id": 1,
      "segmentation": [],
      "bbox": [
        1136.290909090909,
        629.2363636363638,
        336.00000000000045,
        1093.527272727273
      ],
      "ignore": 0,
      "iscrowd": 0,
      "area": 367425.1636363642
    },
    {
      "id": 161,
      "image_id": 126,
      "category_id": 1,
      "segmentation": [],
      "bbox": [
        1594.4727272727293,
        1209.599999999999,
        861.3818181818169,
        873.5999999999992
      ],
      "ignore": 0,
      "iscrowd": 0,
      "area": 752503.1563636346
    },
    {
      "id": 162,
      "image_id": 127,
      "category_id": 0,
      "segmentation": [],
      "bbox": [
        1124.0727272727272,
        995.7818181818174,
        800.2909090909083,
        763.6363636363626
      ],
      "ignore": 0,
      "iscrowd": 0,
      "area": 611131.23966942
    },
    {
      "id": 163,
      "image_id": 127,
      "category_id": 1,
      "segmentation": [],
      "bbox": [
        1276.8000000000002,
        843.0545454545453,
        836.9454545454538,
        757.527272727273
      ],
      "ignore": 0,
      "iscrowd": 0,
      "area": 634009.0076033055
    },
    {
      "id": 164,
      "image_id": 127,
      "category_id": 1,
      "segmentation": [],
      "bbox": [
        2736.872727272727,
        384.87272727272733,
        287.12727272727227,
        1001.8909090909088
      ],
      "ignore": 0,
      "iscrowd": 0,
      "area": 287670.20429752016
    },
    {
      "id": 165,
      "image_id": 128,
      "category_id": 1,
      "segmentation": [],
      "bbox": [
        1026.3272727272727,
        519.2727272727274,
        1087.4181818181814,
        1295.1272727272728
      ],
      "ignore": 0,
      "iscrowd": 0,
      "area": 1408344.944132231
    },
    {
      "id": 166,
      "image_id": 129,
      "category_id": 1,
      "segmentation": [],
      "bbox": [
        1362.3272727272724,
        623.1272727272726,
        342.10909090909064,
        983.5636363636359
      ],
      "ignore": 0,
      "iscrowd": 0,
      "area": 336486.0614876029
    },
    {
      "id": 167,
      "image_id": 130,
      "category_id": 1,
      "segmentation": [],
      "bbox": [
        1093.5272727272725,
        946.9090909090894,
        726.9818181818184,
        873.6000000000016
      ],
      "ignore": 0,
      "iscrowd": 0,
      "area": 635091.3163636378
    },
    {
      "id": 168,
      "image_id": 131,
      "category_id": 5,
      "segmentation": [],
      "bbox": [
        1356.2181818181812,
        1502.8363636363633,
        342.1090909090906,
        403.200000000001
      ],
      "ignore": 0,
      "iscrowd": 0,
      "area": 137938.38545454567
    },
    {
      "id": 169,
      "image_id": 132,
      "category_id": 5,
      "segmentation": [],
      "bbox": [
        1802.1818181818182,
        965.2363636363629,
        531.4909090909096,
        531.4909090909092
      ],
      "ignore": 0,
      "iscrowd": 0,
      "area": 282482.5864462813
    },
    {
      "id": 170,
      "image_id": 133,
      "category_id": 5,
      "segmentation": [],
      "bbox": [
        830.8363636363637,
        574.2545454545455,
        421.5272727272724,
        635.3454545454542
      ],
      "ignore": 0,
      "iscrowd": 0,
      "area": 267815.4366942145
    },
    {
      "id": 171,
      "image_id": 134,
      "category_id": 4,
      "segmentation": [],
      "bbox": [
        1533.3818181818183,
        1405.0909090909074,
        378.7636363636361,
        403.19999999999976
      ],
      "ignore": 0,
      "iscrowd": 0,
      "area": 152717.498181818
    },
    {
      "id": 172,
      "image_id": 134,
      "category_id": 1,
      "segmentation": [],
      "bbox": [
        1814.3999999999996,
        971.3454545454548,
        226.03636363636372,
        390.9818181818184
      ],
      "ignore": 0,
      "iscrowd": 0,
      "area": 88376.10842975216
    },
    {
      "id": 173,
      "image_id": 135,
      "category_id": 4,
      "segmentation": [],
      "bbox": [
        1441.7454545454548,
        1111.8545454545454,
        281.01818181818163,
        549.8181818181818
      ],
      "ignore": 0,
      "iscrowd": 0,
      "area": 154508.90578512385
    },
    {
      "id": 174,
      "image_id": 135,
      "category_id": 1,
      "segmentation": [],
      "bbox": [
        1423.4181818181805,
        671.9999999999999,
        397.0909090909102,
        415.418181818182
      ],
      "ignore": 0,
      "iscrowd": 0,
      "area": 164958.78347107492
    },
    {
      "id": 175,
      "image_id": 136,
      "category_id": 4,
      "segmentation": [],
      "bbox": [
        1124.0727272727272,
        1014.1090909090912,
        384.8727272727273,
        659.7818181818184
      ],
      "ignore": 0,
      "iscrowd": 0,
      "area": 253932.02776859512
    },
    {
      "id": 176,
      "image_id": 137,
      "category_id": 4,
      "segmentation": [],
      "bbox": [
        1386.7636363636366,
        580.3636363636364,
        342.109090909091,
        959.127272727273
      ],
      "ignore": 0,
      "iscrowd": 0,
      "area": 328126.15933884314
    },
    {
      "id": 177,
      "image_id": 138,
      "category_id": 4,
      "segmentation": [],
      "bbox": [
        1246.2545454545455,
        1062.9818181818182,
        427.63636363636397,
        476.5090909090912
      ],
      "ignore": 0,
      "iscrowd": 0,
      "area": 203772.61487603333
    },
    {
      "id": 178,
      "image_id": 139,
      "category_id": 4,
      "segmentation": [],
      "bbox": [
        1508.9454545454523,
        1105.7454545454543,
        348.21818181818134,
        665.8909090909079
      ],
      "ignore": 0,
      "iscrowd": 0,
      "area": 231875.32165289184
    },
    {
      "id": 179,
      "image_id": 140,
      "category_id": 3,
      "segmentation": [],
      "bbox": [
        232.1454545454535,
        1625.018181818177,
        269.99836821876255,
        255.54409472775825
      ],
      "ignore": 0,
      "iscrowd": 0,
      "area": 68996.4885844356
    },
    {
      "id": 180,
      "image_id": 140,
      "category_id": 3,
      "segmentation": [],
      "bbox": [
        2719.4008357600956,
        1627.3106034734328,
        221.14733842074912,
        242.01029487553518
      ],
      "ignore": 0,
      "iscrowd": 0,
      "area": 53519.932582145266
    },
    {
      "id": 181,
      "image_id": 141,
      "category_id": 3,
      "segmentation": [],
      "bbox": [
        1600.5818181818183,
        1771.6363636363635,
        103.8545454545454,
        281.01818181818174
      ],
      "ignore": 0,
      "iscrowd": 0,
      "area": 29185.015537190062
    },
    {
      "id": 182,
      "image_id": 141,
      "category_id": 3,
      "segmentation": [],
      "bbox": [
        1026.3272727272729,
        1111.8545454545454,
        183.2727272727271,
        653.6727272727273
      ],
      "ignore": 0,
      "iscrowd": 0,
      "area": 119800.38347107428
    },
    {
      "id": 183,
      "image_id": 142,
      "category_id": 3,
      "segmentation": [],
      "bbox": [
        287.1272727272727,
        2022.1090909090908,
        146.61818181818185,
        256.58181818181833
      ],
      "ignore": 0,
      "iscrowd": 0,
      "area": 37619.55966942152
    },
    {
      "id": 184,
      "image_id": 142,
      "category_id": 3,
      "segmentation": [],
      "bbox": [
        1826.6181818181817,
        1521.1636363636353,
        537.5999999999984,
        513.1636363636392
      ],
      "ignore": 0,
      "iscrowd": 0,
      "area": 275876.77090909163
    },
    {
      "id": 185,
      "image_id": 143,
      "category_id": 2,
      "segmentation": [],
      "bbox": [
        1246.2545454545452,
        1020.218181818182,
        427.63636363636346,
        397.09090909090924
      ],
      "ignore": 0,
      "iscrowd": 0,
      "area": 169810.51239669422
    },
    {
      "id": 186,
      "image_id": 144,
      "category_id": 2,
      "segmentation": [],
      "bbox": [
        1466.1818181818182,
        971.3454545454546,
        268.8000000000001,
        720.8727272727272
      ],
      "ignore": 0,
      "iscrowd": 0,
      "area": 193770.58909090914
    },
    {
      "id": 187,
      "image_id": 144,
      "category_id": 2,
      "segmentation": [],
      "bbox": [
        403.19999999999993,
        2162.618181818182,
        164.9454545454545,
        226.03636363636338
      ],
      "ignore": 0,
      "iscrowd": 0,
      "area": 37283.6707438016
    },
    {
      "id": 188,
      "image_id": 145,
      "category_id": 2,
      "segmentation": [],
      "bbox": [
        989.6727272727272,
        1313.4545454545455,
        470.4000000000006,
        433.7454545454543
      ],
      "ignore": 0,
      "iscrowd": 0,
      "area": 204033.86181818196
    },
    {
      "id": 189,
      "image_id": 146,
      "category_id": 2,
      "segmentation": [],
      "bbox": [
        1417.3090909090909,
        1124.0727272727274,
        348.2181818181816,
        409.30909090909057
      ],
      "ignore": 0,
      "iscrowd": 0,
      "area": 142528.86743801634
    },
    {
      "id": 190,
      "image_id": 147,
      "category_id": 2,
      "segmentation": [],
      "bbox": [
        1258.4727272727278,
        1111.8545454545454,
        488.72727272727235,
        470.4
      ],
      "ignore": 0,
      "iscrowd": 0,
      "area": 229897.3090909089
    },
    {
      "id": 191,
      "image_id": 148,
      "category_id": 2,
      "segmentation": [],
      "bbox": [
        898.0363636363631,
        1570.0363636363636,
        281.01818181818146,
        268.80000000000024
      ],
      "ignore": 0,
      "iscrowd": 0,
      "area": 75537.68727272724
    },
    {
      "id": 192,
      "image_id": 148,
      "category_id": 2,
      "segmentation": [],
      "bbox": [
        1832.727272727273,
        659.7818181818183,
        152.72727272727278,
        555.9272727272728
      ],
      "ignore": 0,
      "iscrowd": 0,
      "area": 84905.25619834714
    },
    {
      "id": 193,
      "image_id": 149,
      "category_id": 5,
      "segmentation": [],
      "bbox": [
        109.96363636363635,
        464.2909090909091,
        2779.6363636363635,
        2791.854545454546
      ],
      "ignore": 0,
      "iscrowd": 0,
      "area": 7760340.416528927
    }
  ],
  "info": {
    "year": 2025,
    "version": "1.0",
    "description": "",
    "contributor": "Label Studio",
    "url": "",
    "date_created": "2025-12-13 13:22:54.062948"
  }
}